-- phpMyAdmin SQL Dump
-- version 4.4.14
-- http://www.phpmyadmin.net
--
-- Host: 127.0.0.1
-- Generation Time: Sep 29, 2015 at 02:49 PM
-- Server version: 5.6.26
-- PHP Version: 5.6.12

SET SQL_MODE = "NO_AUTO_VALUE_ON_ZERO";
SET time_zone = "+00:00";


/*!40101 SET @OLD_CHARACTER_SET_CLIENT=@@CHARACTER_SET_CLIENT */;
/*!40101 SET @OLD_CHARACTER_SET_RESULTS=@@CHARACTER_SET_RESULTS */;
/*!40101 SET @OLD_COLLATION_CONNECTION=@@COLLATION_CONNECTION */;
/*!40101 SET NAMES utf8mb4 */;

--
-- Database: `absenpdam`
--

-- --------------------------------------------------------

--
-- Table structure for table `absenklr`
--

CREATE TABLE IF NOT EXISTS `absenklr` (
  `index` int(11) NOT NULL,
  `NIP` varchar(20) NOT NULL,
  `kdjabatan` varchar(10) NOT NULL,
  `kdkantor` varchar(10) NOT NULL,
  `tglklr` date DEFAULT NULL,
  `jamklr` time DEFAULT NULL,
  `statusklr` enum('ONTIME','LATE','EARLY','OTHER') DEFAULT NULL,
  `ket` text
) ENGINE=InnoDB AUTO_INCREMENT=792 DEFAULT CHARSET=latin1;

--
-- Dumping data for table `absenklr`
--

INSERT INTO `absenklr` (`index`, `NIP`, `kdjabatan`, `kdkantor`, `tglklr`, `jamklr`, `statusklr`, `ket`) VALUES
(1, '1', '1', '1', '2015-09-21', '02:19:06', 'LATE', NULL),
(2, '2', '2', '2', '2015-09-21', '02:22:18', 'LATE', NULL),
(3, '3', '3', '3', '2015-09-21', '02:01:38', 'EARLY', NULL),
(4, '4', '4', '4', '2015-09-21', '02:01:48', 'EARLY', NULL),
(5, '1', '1', '1', '2015-09-22', NULL, 'ONTIME', NULL),
(6, '2', '2', '2', '2015-09-22', NULL, 'ONTIME', NULL),
(7, '3', '3', '3', '2015-09-22', NULL, 'ONTIME', NULL),
(8, '4', '4', '4', '2015-09-22', NULL, 'ONTIME', NULL),
(9, '1', '1', '1', '2015-09-23', '02:19:56', 'EARLY', NULL),
(10, '2', '2', '2', '2015-09-23', '02:30:28', 'EARLY', NULL),
(11, '3', '3', '3', '2015-09-23', '02:30:31', 'EARLY', NULL),
(12, '4', '4', '4', '2015-09-23', '02:30:35', 'EARLY', NULL),
(13, '1', '1', '1', '2015-09-24', '15:59:01', 'EARLY', NULL),
(14, '2', '2', '2', '2015-09-24', '16:00:14', 'EARLY', NULL),
(15, '3', '3', '3', '2015-09-24', '17:01:26', 'LATE', NULL),
(16, '4', '4', '4', '2015-09-24', '16:00:59', 'ONTIME', NULL),
(17, '1', '1', '1', '2015-09-29', NULL, NULL, NULL),
(18, '2', '2', '2', '2015-09-29', NULL, NULL, NULL),
(19, '3', '3', '3', '2015-09-29', NULL, NULL, NULL),
(20, '4', '4', '4', '2015-09-29', NULL, NULL, NULL),
(21, '1', '1', '1', '2015-09-29', NULL, NULL, NULL),
(22, '2', '2', '2', '2015-09-29', NULL, NULL, NULL),
(23, '3', '3', '3', '2015-09-29', NULL, NULL, NULL),
(24, '4', '4', '4', '2015-09-29', NULL, NULL, NULL),
(25, '1', '1', '1', '2015-09-29', NULL, NULL, NULL),
(26, '2', '2', '2', '2015-09-29', NULL, NULL, NULL),
(27, '3', '3', '3', '2015-09-29', NULL, NULL, NULL),
(28, '4', '4', '4', '2015-09-29', NULL, NULL, NULL),
(29, '1', '1', '1', '2015-09-29', NULL, NULL, NULL),
(30, '2', '2', '2', '2015-09-29', NULL, NULL, NULL),
(31, '3', '3', '3', '2015-09-29', NULL, NULL, NULL),
(32, '4', '4', '4', '2015-09-29', NULL, NULL, NULL),
(33, '1', '1', '1', '2015-09-29', NULL, NULL, NULL),
(34, '2', '2', '2', '2015-09-29', NULL, NULL, NULL),
(35, '3', '3', '3', '2015-09-29', NULL, NULL, NULL),
(36, '4', '4', '4', '2015-09-29', NULL, NULL, NULL),
(37, '1', '1', '1', '2015-09-29', NULL, NULL, NULL),
(38, '2', '2', '2', '2015-09-29', NULL, NULL, NULL),
(39, '3', '3', '3', '2015-09-29', NULL, NULL, NULL),
(40, '4', '4', '4', '2015-09-29', NULL, NULL, NULL),
(41, '1', '1', '1', '2015-09-29', NULL, NULL, NULL),
(42, '2', '2', '2', '2015-09-29', NULL, NULL, NULL),
(43, '3', '3', '3', '2015-09-29', NULL, NULL, NULL),
(44, '4', '4', '4', '2015-09-29', NULL, NULL, NULL),
(45, '1', '1', '1', '2015-09-29', NULL, NULL, NULL),
(46, '2', '2', '2', '2015-09-29', NULL, NULL, NULL),
(47, '3', '3', '3', '2015-09-29', NULL, NULL, NULL),
(48, '4', '4', '4', '2015-09-29', NULL, NULL, NULL),
(49, '1', '1', '1', '2015-09-29', NULL, NULL, NULL),
(50, '2', '2', '2', '2015-09-29', NULL, NULL, NULL),
(51, '3', '3', '3', '2015-09-29', NULL, NULL, NULL),
(52, '4', '4', '4', '2015-09-29', NULL, NULL, NULL),
(53, '1', '1', '1', '2015-09-29', NULL, NULL, NULL),
(54, '2', '2', '2', '2015-09-29', NULL, NULL, NULL),
(55, '3', '3', '3', '2015-09-29', NULL, NULL, NULL),
(56, '4', '4', '4', '2015-09-29', NULL, NULL, NULL),
(57, '1', '1', '1', '2015-09-29', NULL, NULL, NULL),
(58, '2', '2', '2', '2015-09-29', NULL, NULL, NULL),
(59, '3', '3', '3', '2015-09-29', NULL, NULL, NULL),
(60, '4', '4', '4', '2015-09-29', NULL, NULL, NULL),
(61, '1', '1', '1', '2015-09-29', NULL, NULL, NULL),
(62, '2', '2', '2', '2015-09-29', NULL, NULL, NULL),
(63, '3', '3', '3', '2015-09-29', NULL, NULL, NULL),
(64, '4', '4', '4', '2015-09-29', NULL, NULL, NULL),
(65, '1', '1', '1', '2015-09-29', NULL, NULL, NULL),
(66, '2', '2', '2', '2015-09-29', NULL, NULL, NULL),
(67, '3', '3', '3', '2015-09-29', NULL, NULL, NULL),
(68, '4', '4', '4', '2015-09-29', NULL, NULL, NULL),
(69, '1', '1', '1', '2015-09-29', NULL, NULL, NULL),
(70, '2', '2', '2', '2015-09-29', NULL, NULL, NULL),
(71, '3', '3', '3', '2015-09-29', NULL, NULL, NULL),
(72, '4', '4', '4', '2015-09-29', NULL, NULL, NULL),
(73, '1', '1', '1', '2015-09-29', NULL, NULL, NULL),
(74, '2', '2', '2', '2015-09-29', NULL, NULL, NULL),
(75, '3', '3', '3', '2015-09-29', NULL, NULL, NULL),
(76, '4', '4', '4', '2015-09-29', NULL, NULL, NULL),
(77, '1', '1', '1', '2015-09-29', NULL, NULL, NULL),
(78, '2', '2', '2', '2015-09-29', NULL, NULL, NULL),
(79, '3', '3', '3', '2015-09-29', NULL, NULL, NULL),
(80, '4', '4', '4', '2015-09-29', NULL, NULL, NULL),
(81, '1', '1', '1', '2015-09-29', NULL, NULL, NULL),
(82, '2', '2', '2', '2015-09-29', NULL, NULL, NULL),
(83, '3', '3', '3', '2015-09-29', NULL, NULL, NULL),
(84, '4', '4', '4', '2015-09-29', NULL, NULL, NULL),
(85, '1', '1', '1', '2015-09-29', NULL, NULL, NULL),
(86, '2', '2', '2', '2015-09-29', NULL, NULL, NULL),
(87, '3', '3', '3', '2015-09-29', NULL, NULL, NULL),
(88, '4', '4', '4', '2015-09-29', NULL, NULL, NULL),
(89, '1', '1', '1', '2015-09-29', NULL, NULL, NULL),
(90, '2', '2', '2', '2015-09-29', NULL, NULL, NULL),
(91, '3', '3', '3', '2015-09-29', NULL, NULL, NULL),
(92, '4', '4', '4', '2015-09-29', NULL, NULL, NULL),
(93, '1', '1', '1', '2015-09-29', NULL, NULL, NULL),
(94, '2', '2', '2', '2015-09-29', NULL, NULL, NULL),
(95, '3', '3', '3', '2015-09-29', NULL, NULL, NULL),
(96, '4', '4', '4', '2015-09-29', NULL, NULL, NULL),
(97, '1', '1', '1', '2015-09-29', NULL, NULL, NULL),
(98, '2', '2', '2', '2015-09-29', NULL, NULL, NULL),
(99, '3', '3', '3', '2015-09-29', NULL, NULL, NULL),
(100, '4', '4', '4', '2015-09-29', NULL, NULL, NULL),
(101, '1', '1', '1', '2015-09-29', NULL, NULL, NULL),
(102, '2', '2', '2', '2015-09-29', NULL, NULL, NULL),
(103, '3', '3', '3', '2015-09-29', NULL, NULL, NULL),
(104, '4', '4', '4', '2015-09-29', NULL, NULL, NULL),
(105, '1', '1', '1', '2015-09-29', NULL, NULL, NULL),
(106, '2', '2', '2', '2015-09-29', NULL, NULL, NULL),
(107, '3', '3', '3', '2015-09-29', NULL, NULL, NULL),
(108, '4', '4', '4', '2015-09-29', NULL, NULL, NULL),
(109, '1', '1', '1', '2015-09-29', NULL, NULL, NULL),
(110, '2', '2', '2', '2015-09-29', NULL, NULL, NULL),
(111, '3', '3', '3', '2015-09-29', NULL, NULL, NULL),
(112, '4', '4', '4', '2015-09-29', NULL, NULL, NULL),
(113, '1', '1', '1', '2015-09-29', NULL, NULL, NULL),
(114, '2', '2', '2', '2015-09-29', NULL, NULL, NULL),
(115, '3', '3', '3', '2015-09-29', NULL, NULL, NULL),
(116, '4', '4', '4', '2015-09-29', NULL, NULL, NULL),
(117, '1', '1', '1', '2015-09-29', NULL, NULL, NULL),
(118, '2', '2', '2', '2015-09-29', NULL, NULL, NULL),
(119, '3', '3', '3', '2015-09-29', NULL, NULL, NULL),
(120, '4', '4', '4', '2015-09-29', NULL, NULL, NULL),
(121, '1', '1', '1', '2015-09-29', NULL, NULL, NULL),
(122, '2', '2', '2', '2015-09-29', NULL, NULL, NULL),
(123, '3', '3', '3', '2015-09-29', NULL, NULL, NULL),
(124, '4', '4', '4', '2015-09-29', NULL, NULL, NULL),
(125, '1', '1', '1', '2015-09-29', NULL, NULL, NULL),
(126, '2', '2', '2', '2015-09-29', NULL, NULL, NULL),
(127, '3', '3', '3', '2015-09-29', NULL, NULL, NULL),
(128, '4', '4', '4', '2015-09-29', NULL, NULL, NULL),
(129, '1', '1', '1', '2015-09-29', NULL, NULL, NULL),
(130, '2', '2', '2', '2015-09-29', NULL, NULL, NULL),
(131, '3', '3', '3', '2015-09-29', NULL, NULL, NULL),
(132, '4', '4', '4', '2015-09-29', NULL, NULL, NULL),
(133, '1', '1', '1', '2015-09-29', NULL, NULL, NULL),
(134, '2', '2', '2', '2015-09-29', NULL, NULL, NULL),
(135, '3', '3', '3', '2015-09-29', NULL, NULL, NULL),
(136, '4', '4', '4', '2015-09-29', NULL, NULL, NULL),
(137, '1', '1', '1', '2015-09-29', NULL, NULL, NULL),
(138, '2', '2', '2', '2015-09-29', NULL, NULL, NULL),
(139, '3', '3', '3', '2015-09-29', NULL, NULL, NULL),
(140, '4', '4', '4', '2015-09-29', NULL, NULL, NULL),
(141, '1', '1', '1', '2015-09-29', NULL, NULL, NULL),
(142, '2', '2', '2', '2015-09-29', NULL, NULL, NULL),
(143, '3', '3', '3', '2015-09-29', NULL, NULL, NULL),
(144, '4', '4', '4', '2015-09-29', NULL, NULL, NULL),
(145, '1', '1', '1', '2015-09-29', NULL, NULL, NULL),
(146, '2', '2', '2', '2015-09-29', NULL, NULL, NULL),
(147, '3', '3', '3', '2015-09-29', NULL, NULL, NULL),
(148, '4', '4', '4', '2015-09-29', NULL, NULL, NULL),
(149, '1', '1', '1', '2015-09-29', NULL, NULL, NULL),
(150, '2', '2', '2', '2015-09-29', NULL, NULL, NULL),
(151, '3', '3', '3', '2015-09-29', NULL, NULL, NULL),
(152, '4', '4', '4', '2015-09-29', NULL, NULL, NULL),
(153, '1', '1', '1', '2015-09-29', NULL, NULL, NULL),
(154, '2', '2', '2', '2015-09-29', NULL, NULL, NULL),
(155, '3', '3', '3', '2015-09-29', NULL, NULL, NULL),
(156, '4', '4', '4', '2015-09-29', NULL, NULL, NULL),
(157, '1', '1', '1', '2015-09-29', NULL, NULL, NULL),
(158, '2', '2', '2', '2015-09-29', NULL, NULL, NULL),
(159, '3', '3', '3', '2015-09-29', NULL, NULL, NULL),
(160, '4', '4', '4', '2015-09-29', NULL, NULL, NULL),
(161, '1', '1', '1', '2015-09-29', NULL, NULL, NULL),
(162, '2', '2', '2', '2015-09-29', NULL, NULL, NULL),
(163, '3', '3', '3', '2015-09-29', NULL, NULL, NULL),
(164, '4', '4', '4', '2015-09-29', NULL, NULL, NULL),
(165, '1', '1', '1', '2015-09-29', NULL, NULL, NULL),
(166, '2', '2', '2', '2015-09-29', NULL, NULL, NULL),
(167, '3', '3', '3', '2015-09-29', NULL, NULL, NULL),
(168, '4', '4', '4', '2015-09-29', NULL, NULL, NULL),
(169, '1', '1', '1', '2015-09-29', NULL, NULL, NULL),
(170, '2', '2', '2', '2015-09-29', NULL, NULL, NULL),
(171, '3', '3', '3', '2015-09-29', NULL, NULL, NULL),
(172, '4', '4', '4', '2015-09-29', NULL, NULL, NULL),
(173, '1', '1', '1', '2015-09-29', NULL, NULL, NULL),
(174, '2', '2', '2', '2015-09-29', NULL, NULL, NULL),
(175, '3', '3', '3', '2015-09-29', NULL, NULL, NULL),
(176, '4', '4', '4', '2015-09-29', NULL, NULL, NULL),
(177, '1', '1', '1', '2015-09-29', NULL, NULL, NULL),
(178, '2', '2', '2', '2015-09-29', NULL, NULL, NULL),
(179, '3', '3', '3', '2015-09-29', NULL, NULL, NULL),
(180, '4', '4', '4', '2015-09-29', NULL, NULL, NULL),
(181, '1', '1', '1', '2015-09-29', NULL, NULL, NULL),
(182, '2', '2', '2', '2015-09-29', NULL, NULL, NULL),
(183, '3', '3', '3', '2015-09-29', NULL, NULL, NULL),
(184, '4', '4', '4', '2015-09-29', NULL, NULL, NULL),
(185, '1', '1', '1', '2015-09-29', NULL, NULL, NULL),
(186, '2', '2', '2', '2015-09-29', NULL, NULL, NULL),
(187, '3', '3', '3', '2015-09-29', NULL, NULL, NULL),
(188, '4', '4', '4', '2015-09-29', NULL, NULL, NULL),
(189, '1', '1', '1', '2015-09-29', NULL, NULL, NULL),
(190, '2', '2', '2', '2015-09-29', NULL, NULL, NULL),
(191, '3', '3', '3', '2015-09-29', NULL, NULL, NULL),
(192, '4', '4', '4', '2015-09-29', NULL, NULL, NULL),
(193, '1', '1', '1', '2015-09-29', NULL, NULL, NULL),
(194, '2', '2', '2', '2015-09-29', NULL, NULL, NULL),
(195, '3', '3', '3', '2015-09-29', NULL, NULL, NULL),
(196, '4', '4', '4', '2015-09-29', NULL, NULL, NULL),
(197, '1', '1', '1', '2015-09-29', NULL, NULL, NULL),
(198, '2', '2', '2', '2015-09-29', NULL, NULL, NULL),
(199, '3', '3', '3', '2015-09-29', NULL, NULL, NULL),
(200, '4', '4', '4', '2015-09-29', NULL, NULL, NULL),
(201, '1', '1', '1', '2015-09-29', NULL, NULL, NULL),
(202, '2', '2', '2', '2015-09-29', NULL, NULL, NULL),
(203, '3', '3', '3', '2015-09-29', NULL, NULL, NULL),
(204, '4', '4', '4', '2015-09-29', NULL, NULL, NULL),
(205, '1', '1', '1', '2015-09-29', NULL, NULL, NULL),
(206, '2', '2', '2', '2015-09-29', NULL, NULL, NULL),
(207, '3', '3', '3', '2015-09-29', NULL, NULL, NULL),
(208, '4', '4', '4', '2015-09-29', NULL, NULL, NULL),
(209, '1', '1', '1', '2015-09-29', NULL, NULL, NULL),
(210, '2', '2', '2', '2015-09-29', NULL, NULL, NULL),
(211, '3', '3', '3', '2015-09-29', NULL, NULL, NULL),
(212, '4', '4', '4', '2015-09-29', NULL, NULL, NULL),
(213, '1', '1', '1', '2015-09-29', NULL, NULL, NULL),
(214, '2', '2', '2', '2015-09-29', NULL, NULL, NULL),
(215, '3', '3', '3', '2015-09-29', NULL, NULL, NULL),
(216, '4', '4', '4', '2015-09-29', NULL, NULL, NULL),
(217, '1', '1', '1', '2015-09-29', NULL, NULL, NULL),
(218, '2', '2', '2', '2015-09-29', NULL, NULL, NULL),
(219, '3', '3', '3', '2015-09-29', NULL, NULL, NULL),
(220, '4', '4', '4', '2015-09-29', NULL, NULL, NULL),
(221, '1', '1', '1', '2015-09-29', NULL, NULL, NULL),
(222, '2', '2', '2', '2015-09-29', NULL, NULL, NULL),
(223, '3', '3', '3', '2015-09-29', NULL, NULL, NULL),
(224, '4', '4', '4', '2015-09-29', NULL, NULL, NULL),
(225, '1', '1', '1', '2015-09-29', NULL, NULL, NULL),
(226, '2', '2', '2', '2015-09-29', NULL, NULL, NULL),
(227, '3', '3', '3', '2015-09-29', NULL, NULL, NULL),
(228, '4', '4', '4', '2015-09-29', NULL, NULL, NULL),
(229, '1', '1', '1', '2015-09-29', NULL, NULL, NULL),
(230, '2', '2', '2', '2015-09-29', NULL, NULL, NULL),
(231, '3', '3', '3', '2015-09-29', NULL, NULL, NULL),
(232, '4', '4', '4', '2015-09-29', NULL, NULL, NULL),
(233, '1', '1', '1', '2015-09-29', NULL, NULL, NULL),
(234, '2', '2', '2', '2015-09-29', NULL, NULL, NULL),
(235, '3', '3', '3', '2015-09-29', NULL, NULL, NULL),
(236, '4', '4', '4', '2015-09-29', NULL, NULL, NULL),
(237, '1', '1', '1', '2015-09-29', NULL, NULL, NULL),
(238, '2', '2', '2', '2015-09-29', NULL, NULL, NULL),
(239, '3', '3', '3', '2015-09-29', NULL, NULL, NULL),
(240, '4', '4', '4', '2015-09-29', NULL, NULL, NULL),
(241, '1', '1', '1', '2015-09-29', NULL, NULL, NULL),
(242, '2', '2', '2', '2015-09-29', NULL, NULL, NULL),
(243, '3', '3', '3', '2015-09-29', NULL, NULL, NULL),
(244, '4', '4', '4', '2015-09-29', NULL, NULL, NULL),
(245, '1', '1', '1', '2015-09-29', NULL, NULL, NULL),
(246, '2', '2', '2', '2015-09-29', NULL, NULL, NULL),
(247, '3', '3', '3', '2015-09-29', NULL, NULL, NULL),
(248, '4', '4', '4', '2015-09-29', NULL, NULL, NULL),
(249, '1', '1', '1', '2015-09-29', NULL, NULL, NULL),
(250, '2', '2', '2', '2015-09-29', NULL, NULL, NULL),
(251, '3', '3', '3', '2015-09-29', NULL, NULL, NULL),
(252, '4', '4', '4', '2015-09-29', NULL, NULL, NULL),
(253, '1', '1', '1', '2015-09-29', NULL, NULL, NULL),
(254, '2', '2', '2', '2015-09-29', NULL, NULL, NULL),
(255, '3', '3', '3', '2015-09-29', NULL, NULL, NULL),
(256, '4', '4', '4', '2015-09-29', NULL, NULL, NULL),
(257, '1', '1', '1', '2015-09-29', NULL, NULL, NULL),
(258, '2', '2', '2', '2015-09-29', NULL, NULL, NULL),
(259, '3', '3', '3', '2015-09-29', NULL, NULL, NULL),
(260, '4', '4', '4', '2015-09-29', NULL, NULL, NULL),
(261, '1', '1', '1', '2015-09-29', NULL, NULL, NULL),
(262, '2', '2', '2', '2015-09-29', NULL, NULL, NULL),
(263, '3', '3', '3', '2015-09-29', NULL, NULL, NULL),
(264, '4', '4', '4', '2015-09-29', NULL, NULL, NULL),
(265, '1', '1', '1', '2015-09-29', NULL, NULL, NULL),
(266, '2', '2', '2', '2015-09-29', NULL, NULL, NULL),
(267, '3', '3', '3', '2015-09-29', NULL, NULL, NULL),
(268, '4', '4', '4', '2015-09-29', NULL, NULL, NULL),
(269, '1', '1', '1', '2015-09-29', NULL, NULL, NULL),
(270, '2', '2', '2', '2015-09-29', NULL, NULL, NULL),
(271, '3', '3', '3', '2015-09-29', NULL, NULL, NULL),
(272, '4', '4', '4', '2015-09-29', NULL, NULL, NULL),
(273, '1', '1', '1', '2015-09-29', NULL, NULL, NULL),
(274, '2', '2', '2', '2015-09-29', NULL, NULL, NULL),
(275, '3', '3', '3', '2015-09-29', NULL, NULL, NULL),
(276, '4', '4', '4', '2015-09-29', NULL, NULL, NULL),
(277, '1', '1', '1', '2015-09-29', NULL, NULL, NULL),
(278, '2', '2', '2', '2015-09-29', NULL, NULL, NULL),
(279, '3', '3', '3', '2015-09-29', NULL, NULL, NULL),
(280, '4', '4', '4', '2015-09-29', NULL, NULL, NULL),
(281, '1', '1', '1', '2015-09-29', NULL, NULL, NULL),
(282, '2', '2', '2', '2015-09-29', NULL, NULL, NULL),
(283, '3', '3', '3', '2015-09-29', NULL, NULL, NULL),
(284, '4', '4', '4', '2015-09-29', NULL, NULL, NULL),
(285, '1', '1', '1', '2015-09-29', NULL, NULL, NULL),
(286, '2', '2', '2', '2015-09-29', NULL, NULL, NULL),
(287, '3', '3', '3', '2015-09-29', NULL, NULL, NULL),
(288, '4', '4', '4', '2015-09-29', NULL, NULL, NULL),
(289, '1', '1', '1', '2015-09-29', NULL, NULL, NULL),
(290, '2', '2', '2', '2015-09-29', NULL, NULL, NULL),
(291, '3', '3', '3', '2015-09-29', NULL, NULL, NULL),
(292, '4', '4', '4', '2015-09-29', NULL, NULL, NULL),
(293, '1', '1', '1', '2015-09-29', NULL, NULL, NULL),
(294, '2', '2', '2', '2015-09-29', NULL, NULL, NULL),
(295, '3', '3', '3', '2015-09-29', NULL, NULL, NULL),
(296, '4', '4', '4', '2015-09-29', NULL, NULL, NULL),
(297, '1', '1', '1', '2015-09-29', NULL, NULL, NULL),
(298, '2', '2', '2', '2015-09-29', NULL, NULL, NULL),
(299, '3', '3', '3', '2015-09-29', NULL, NULL, NULL),
(300, '4', '4', '4', '2015-09-29', NULL, NULL, NULL),
(301, '1', '1', '1', '2015-09-29', NULL, NULL, NULL),
(302, '2', '2', '2', '2015-09-29', NULL, NULL, NULL),
(303, '3', '3', '3', '2015-09-29', NULL, NULL, NULL),
(304, '4', '4', '4', '2015-09-29', NULL, NULL, NULL),
(305, '1', '1', '1', '2015-09-29', NULL, NULL, NULL),
(306, '2', '2', '2', '2015-09-29', NULL, NULL, NULL),
(307, '3', '3', '3', '2015-09-29', NULL, NULL, NULL),
(308, '4', '4', '4', '2015-09-29', NULL, NULL, NULL),
(309, '1', '1', '1', '2015-09-29', NULL, NULL, NULL),
(310, '2', '2', '2', '2015-09-29', NULL, NULL, NULL),
(311, '3', '3', '3', '2015-09-29', NULL, NULL, NULL),
(312, '4', '4', '4', '2015-09-29', NULL, NULL, NULL),
(313, '1', '1', '1', '2015-09-29', NULL, NULL, NULL),
(314, '2', '2', '2', '2015-09-29', NULL, NULL, NULL),
(315, '3', '3', '3', '2015-09-29', NULL, NULL, NULL),
(316, '4', '4', '4', '2015-09-29', NULL, NULL, NULL),
(317, '1', '1', '1', '2015-09-29', NULL, NULL, NULL),
(318, '2', '2', '2', '2015-09-29', NULL, NULL, NULL),
(319, '3', '3', '3', '2015-09-29', NULL, NULL, NULL),
(320, '4', '4', '4', '2015-09-29', NULL, NULL, NULL),
(321, '1', '1', '1', '2015-09-29', NULL, NULL, NULL),
(322, '2', '2', '2', '2015-09-29', NULL, NULL, NULL),
(323, '3', '3', '3', '2015-09-29', NULL, NULL, NULL),
(324, '4', '4', '4', '2015-09-29', NULL, NULL, NULL),
(325, '1', '1', '1', '2015-09-29', NULL, NULL, NULL),
(326, '2', '2', '2', '2015-09-29', NULL, NULL, NULL),
(327, '3', '3', '3', '2015-09-29', NULL, NULL, NULL),
(328, '4', '4', '4', '2015-09-29', NULL, NULL, NULL),
(329, '1', '1', '1', '2015-09-29', NULL, NULL, NULL),
(330, '2', '2', '2', '2015-09-29', NULL, NULL, NULL),
(331, '3', '3', '3', '2015-09-29', NULL, NULL, NULL),
(332, '4', '4', '4', '2015-09-29', NULL, NULL, NULL),
(333, '1', '1', '1', '2015-09-29', NULL, NULL, NULL),
(334, '2', '2', '2', '2015-09-29', NULL, NULL, NULL),
(335, '3', '3', '3', '2015-09-29', NULL, NULL, NULL),
(336, '4', '4', '4', '2015-09-29', NULL, NULL, NULL),
(337, '1', '1', '1', '2015-09-29', NULL, NULL, NULL),
(338, '2', '2', '2', '2015-09-29', NULL, NULL, NULL),
(339, '3', '3', '3', '2015-09-29', NULL, NULL, NULL),
(340, '4', '4', '4', '2015-09-29', NULL, NULL, NULL),
(341, '1', '1', '1', '2015-09-29', NULL, NULL, NULL),
(342, '2', '2', '2', '2015-09-29', NULL, NULL, NULL),
(343, '3', '3', '3', '2015-09-29', NULL, NULL, NULL),
(344, '4', '4', '4', '2015-09-29', NULL, NULL, NULL),
(345, '1', '1', '1', '2015-09-29', NULL, NULL, NULL),
(346, '2', '2', '2', '2015-09-29', NULL, NULL, NULL),
(347, '3', '3', '3', '2015-09-29', NULL, NULL, NULL),
(348, '4', '4', '4', '2015-09-29', NULL, NULL, NULL),
(349, '1', '1', '1', '2015-09-29', NULL, NULL, NULL),
(350, '2', '2', '2', '2015-09-29', NULL, NULL, NULL),
(351, '3', '3', '3', '2015-09-29', NULL, NULL, NULL),
(352, '4', '4', '4', '2015-09-29', NULL, NULL, NULL),
(353, '1', '1', '1', '2015-09-29', NULL, NULL, NULL),
(354, '2', '2', '2', '2015-09-29', NULL, NULL, NULL),
(355, '3', '3', '3', '2015-09-29', NULL, NULL, NULL),
(356, '4', '4', '4', '2015-09-29', NULL, NULL, NULL),
(357, '1', '1', '1', '2015-09-29', NULL, NULL, NULL),
(358, '2', '2', '2', '2015-09-29', NULL, NULL, NULL),
(359, '3', '3', '3', '2015-09-29', NULL, NULL, NULL),
(360, '4', '4', '4', '2015-09-29', NULL, NULL, NULL),
(361, '1', '1', '1', '2015-09-29', NULL, NULL, NULL),
(362, '2', '2', '2', '2015-09-29', NULL, NULL, NULL),
(363, '3', '3', '3', '2015-09-29', NULL, NULL, NULL),
(364, '4', '4', '4', '2015-09-29', NULL, NULL, NULL),
(365, '1', '1', '1', '2015-09-29', NULL, NULL, NULL),
(366, '2', '2', '2', '2015-09-29', NULL, NULL, NULL),
(367, '3', '3', '3', '2015-09-29', NULL, NULL, NULL),
(368, '4', '4', '4', '2015-09-29', NULL, NULL, NULL),
(369, '1', '1', '1', '2015-09-29', NULL, NULL, NULL),
(370, '2', '2', '2', '2015-09-29', NULL, NULL, NULL),
(371, '3', '3', '3', '2015-09-29', NULL, NULL, NULL),
(372, '4', '4', '4', '2015-09-29', NULL, NULL, NULL),
(373, '1', '1', '1', '2015-09-29', NULL, NULL, NULL),
(374, '2', '2', '2', '2015-09-29', NULL, NULL, NULL),
(375, '3', '3', '3', '2015-09-29', NULL, NULL, NULL),
(376, '4', '4', '4', '2015-09-29', NULL, NULL, NULL),
(377, '1', '1', '1', '2015-09-29', NULL, NULL, NULL),
(378, '2', '2', '2', '2015-09-29', NULL, NULL, NULL),
(379, '3', '3', '3', '2015-09-29', NULL, NULL, NULL),
(380, '4', '4', '4', '2015-09-29', NULL, NULL, NULL),
(381, '1', '1', '1', '2015-09-29', NULL, NULL, NULL),
(382, '2', '2', '2', '2015-09-29', NULL, NULL, NULL),
(383, '3', '3', '3', '2015-09-29', NULL, NULL, NULL),
(384, '4', '4', '4', '2015-09-29', NULL, NULL, NULL),
(385, '1', '1', '1', '2015-09-29', NULL, NULL, NULL),
(386, '2', '2', '2', '2015-09-29', NULL, NULL, NULL),
(387, '3', '3', '3', '2015-09-29', NULL, NULL, NULL),
(388, '4', '4', '4', '2015-09-29', NULL, NULL, NULL),
(389, '1', '1', '1', '2015-09-29', NULL, NULL, NULL),
(390, '2', '2', '2', '2015-09-29', NULL, NULL, NULL),
(391, '3', '3', '3', '2015-09-29', NULL, NULL, NULL),
(392, '4', '4', '4', '2015-09-29', NULL, NULL, NULL),
(393, '1', '1', '1', '2015-09-29', NULL, NULL, NULL),
(394, '2', '2', '2', '2015-09-29', NULL, NULL, NULL),
(395, '3', '3', '3', '2015-09-29', NULL, NULL, NULL),
(396, '4', '4', '4', '2015-09-29', NULL, NULL, NULL),
(397, '1', '1', '1', '2015-09-29', NULL, NULL, NULL),
(398, '2', '2', '2', '2015-09-29', NULL, NULL, NULL),
(399, '3', '3', '3', '2015-09-29', NULL, NULL, NULL),
(400, '4', '4', '4', '2015-09-29', NULL, NULL, NULL),
(401, '1', '1', '1', '2015-09-29', NULL, NULL, NULL),
(402, '2', '2', '2', '2015-09-29', NULL, NULL, NULL),
(403, '3', '3', '3', '2015-09-29', NULL, NULL, NULL),
(404, '4', '4', '4', '2015-09-29', NULL, NULL, NULL),
(405, '1', '1', '1', '2015-09-29', NULL, NULL, NULL),
(406, '2', '2', '2', '2015-09-29', NULL, NULL, NULL),
(407, '3', '3', '3', '2015-09-29', NULL, NULL, NULL),
(408, '4', '4', '4', '2015-09-29', NULL, NULL, NULL),
(409, '1', '1', '1', '2015-09-29', NULL, NULL, NULL),
(410, '2', '2', '2', '2015-09-29', NULL, NULL, NULL),
(411, '3', '3', '3', '2015-09-29', NULL, NULL, NULL),
(412, '4', '4', '4', '2015-09-29', NULL, NULL, NULL),
(413, '1', '1', '1', '2015-09-29', NULL, NULL, NULL),
(414, '2', '2', '2', '2015-09-29', NULL, NULL, NULL),
(415, '3', '3', '3', '2015-09-29', NULL, NULL, NULL),
(416, '4', '4', '4', '2015-09-29', NULL, NULL, NULL),
(417, '1', '1', '1', '2015-09-29', NULL, NULL, NULL),
(418, '2', '2', '2', '2015-09-29', NULL, NULL, NULL),
(419, '3', '3', '3', '2015-09-29', NULL, NULL, NULL),
(420, '4', '4', '4', '2015-09-29', NULL, NULL, NULL),
(421, '1', '1', '1', '2015-09-29', NULL, NULL, NULL),
(422, '2', '2', '2', '2015-09-29', NULL, NULL, NULL),
(423, '3', '3', '3', '2015-09-29', NULL, NULL, NULL),
(424, '4', '4', '4', '2015-09-29', NULL, NULL, NULL),
(425, '1', '1', '1', '2015-09-29', NULL, NULL, NULL),
(426, '2', '2', '2', '2015-09-29', NULL, NULL, NULL),
(427, '3', '3', '3', '2015-09-29', NULL, NULL, NULL),
(428, '4', '4', '4', '2015-09-29', NULL, NULL, NULL),
(429, '1', '1', '1', '2015-09-29', NULL, NULL, NULL),
(430, '2', '2', '2', '2015-09-29', NULL, NULL, NULL),
(431, '3', '3', '3', '2015-09-29', NULL, NULL, NULL),
(432, '4', '4', '4', '2015-09-29', NULL, NULL, NULL),
(433, '1', '1', '1', '2015-09-29', NULL, NULL, NULL),
(434, '2', '2', '2', '2015-09-29', NULL, NULL, NULL),
(435, '3', '3', '3', '2015-09-29', NULL, NULL, NULL),
(436, '4', '4', '4', '2015-09-29', NULL, NULL, NULL),
(437, '1', '1', '1', '2015-09-29', NULL, NULL, NULL),
(438, '2', '2', '2', '2015-09-29', NULL, NULL, NULL),
(439, '3', '3', '3', '2015-09-29', NULL, NULL, NULL),
(440, '4', '4', '4', '2015-09-29', NULL, NULL, NULL),
(441, '1', '1', '1', '2015-09-29', NULL, NULL, NULL),
(442, '2', '2', '2', '2015-09-29', NULL, NULL, NULL),
(443, '3', '3', '3', '2015-09-29', NULL, NULL, NULL),
(444, '4', '4', '4', '2015-09-29', NULL, NULL, NULL),
(445, '1', '1', '1', '2015-09-29', NULL, NULL, NULL),
(446, '2', '2', '2', '2015-09-29', NULL, NULL, NULL),
(447, '3', '3', '3', '2015-09-29', NULL, NULL, NULL),
(448, '4', '4', '4', '2015-09-29', NULL, NULL, NULL),
(449, '1', '1', '1', '2015-09-29', NULL, NULL, NULL),
(450, '2', '2', '2', '2015-09-29', NULL, NULL, NULL),
(451, '3', '3', '3', '2015-09-29', NULL, NULL, NULL),
(452, '4', '4', '4', '2015-09-29', NULL, NULL, NULL),
(453, '1', '1', '1', '2015-09-29', NULL, NULL, NULL),
(454, '2', '2', '2', '2015-09-29', NULL, NULL, NULL),
(455, '3', '3', '3', '2015-09-29', NULL, NULL, NULL),
(456, '4', '4', '4', '2015-09-29', NULL, NULL, NULL),
(457, '1', '1', '1', '2015-09-29', NULL, NULL, NULL),
(458, '2', '2', '2', '2015-09-29', NULL, NULL, NULL),
(459, '3', '3', '3', '2015-09-29', NULL, NULL, NULL),
(460, '4', '4', '4', '2015-09-29', NULL, NULL, NULL),
(461, '1', '1', '1', '2015-09-29', NULL, NULL, NULL),
(462, '2', '2', '2', '2015-09-29', NULL, NULL, NULL),
(463, '3', '3', '3', '2015-09-29', NULL, NULL, NULL),
(464, '4', '4', '4', '2015-09-29', NULL, NULL, NULL),
(465, '1', '1', '1', '2015-09-29', NULL, NULL, NULL),
(466, '2', '2', '2', '2015-09-29', NULL, NULL, NULL),
(467, '3', '3', '3', '2015-09-29', NULL, NULL, NULL),
(468, '4', '4', '4', '2015-09-29', NULL, NULL, NULL),
(469, '1', '1', '1', '2015-09-29', NULL, NULL, NULL),
(470, '2', '2', '2', '2015-09-29', NULL, NULL, NULL),
(471, '3', '3', '3', '2015-09-29', NULL, NULL, NULL),
(472, '4', '4', '4', '2015-09-29', NULL, NULL, NULL),
(473, '1', '1', '1', '2015-09-29', NULL, NULL, NULL),
(474, '2', '2', '2', '2015-09-29', NULL, NULL, NULL),
(475, '3', '3', '3', '2015-09-29', NULL, NULL, NULL),
(476, '4', '4', '4', '2015-09-29', NULL, NULL, NULL),
(477, '1', '1', '1', '2015-09-29', NULL, NULL, NULL),
(478, '2', '2', '2', '2015-09-29', NULL, NULL, NULL),
(479, '3', '3', '3', '2015-09-29', NULL, NULL, NULL),
(480, '4', '4', '4', '2015-09-29', NULL, NULL, NULL),
(481, '1', '1', '1', '2015-09-29', NULL, NULL, NULL),
(482, '2', '2', '2', '2015-09-29', NULL, NULL, NULL),
(483, '3', '3', '3', '2015-09-29', NULL, NULL, NULL),
(484, '4', '4', '4', '2015-09-29', NULL, NULL, NULL),
(485, '1', '1', '1', '2015-09-29', NULL, NULL, NULL),
(486, '2', '2', '2', '2015-09-29', NULL, NULL, NULL),
(487, '3', '3', '3', '2015-09-29', NULL, NULL, NULL),
(488, '4', '4', '4', '2015-09-29', NULL, NULL, NULL),
(489, '1', '1', '1', '2015-09-29', NULL, NULL, NULL),
(490, '2', '2', '2', '2015-09-29', NULL, NULL, NULL),
(491, '3', '3', '3', '2015-09-29', NULL, NULL, NULL),
(492, '4', '4', '4', '2015-09-29', NULL, NULL, NULL),
(493, '1', '1', '1', '2015-09-29', NULL, NULL, NULL),
(494, '2', '2', '2', '2015-09-29', NULL, NULL, NULL),
(495, '3', '3', '3', '2015-09-29', NULL, NULL, NULL),
(496, '4', '4', '4', '2015-09-29', NULL, NULL, NULL),
(497, '1', '1', '1', '2015-09-29', NULL, NULL, NULL),
(498, '2', '2', '2', '2015-09-29', NULL, NULL, NULL),
(499, '3', '3', '3', '2015-09-29', NULL, NULL, NULL),
(500, '4', '4', '4', '2015-09-29', NULL, NULL, NULL),
(501, '1', '1', '1', '2015-09-29', NULL, NULL, NULL),
(502, '2', '2', '2', '2015-09-29', NULL, NULL, NULL),
(503, '3', '3', '3', '2015-09-29', NULL, NULL, NULL),
(504, '4', '4', '4', '2015-09-29', NULL, NULL, NULL),
(505, '1', '1', '1', '2015-09-29', NULL, NULL, NULL),
(506, '2', '2', '2', '2015-09-29', NULL, NULL, NULL),
(507, '3', '3', '3', '2015-09-29', NULL, NULL, NULL),
(508, '4', '4', '4', '2015-09-29', NULL, NULL, NULL),
(509, '1', '1', '1', '2015-09-29', NULL, NULL, NULL),
(510, '2', '2', '2', '2015-09-29', NULL, NULL, NULL),
(511, '3', '3', '3', '2015-09-29', NULL, NULL, NULL),
(512, '4', '4', '4', '2015-09-29', NULL, NULL, NULL),
(513, '1', '1', '1', '2015-09-29', NULL, NULL, NULL),
(514, '2', '2', '2', '2015-09-29', NULL, NULL, NULL),
(515, '3', '3', '3', '2015-09-29', NULL, NULL, NULL),
(516, '4', '4', '4', '2015-09-29', NULL, NULL, NULL),
(517, '1', '1', '1', '2015-09-29', NULL, NULL, NULL),
(518, '2', '2', '2', '2015-09-29', NULL, NULL, NULL),
(519, '3', '3', '3', '2015-09-29', NULL, NULL, NULL),
(520, '4', '4', '4', '2015-09-29', NULL, NULL, NULL),
(521, '1', '1', '1', '2015-09-29', NULL, NULL, NULL),
(522, '2', '2', '2', '2015-09-29', NULL, NULL, NULL),
(523, '3', '3', '3', '2015-09-29', NULL, NULL, NULL),
(524, '4', '4', '4', '2015-09-29', NULL, NULL, NULL),
(525, '1', '1', '1', '2015-09-29', NULL, NULL, NULL),
(526, '2', '2', '2', '2015-09-29', NULL, NULL, NULL),
(527, '3', '3', '3', '2015-09-29', NULL, NULL, NULL),
(528, '4', '4', '4', '2015-09-29', NULL, NULL, NULL),
(529, '1', '1', '1', '2015-09-29', NULL, NULL, NULL),
(530, '2', '2', '2', '2015-09-29', NULL, NULL, NULL),
(531, '3', '3', '3', '2015-09-29', NULL, NULL, NULL),
(532, '4', '4', '4', '2015-09-29', NULL, NULL, NULL),
(533, '1', '1', '1', '2015-09-29', NULL, NULL, NULL),
(534, '2', '2', '2', '2015-09-29', NULL, NULL, NULL),
(535, '3', '3', '3', '2015-09-29', NULL, NULL, NULL),
(536, '4', '4', '4', '2015-09-29', NULL, NULL, NULL),
(537, '1', '1', '1', '2015-09-29', NULL, NULL, NULL),
(538, '2', '2', '2', '2015-09-29', NULL, NULL, NULL),
(539, '3', '3', '3', '2015-09-29', NULL, NULL, NULL),
(540, '4', '4', '4', '2015-09-29', NULL, NULL, NULL),
(541, '1', '1', '1', '2015-09-29', NULL, NULL, NULL),
(542, '2', '2', '2', '2015-09-29', NULL, NULL, NULL),
(543, '3', '3', '3', '2015-09-29', NULL, NULL, NULL),
(544, '4', '4', '4', '2015-09-29', NULL, NULL, NULL),
(545, '1', '1', '1', '2015-09-29', NULL, NULL, NULL),
(546, '2', '2', '2', '2015-09-29', NULL, NULL, NULL),
(547, '3', '3', '3', '2015-09-29', NULL, NULL, NULL),
(548, '4', '4', '4', '2015-09-29', NULL, NULL, NULL),
(549, '1', '1', '1', '2015-09-29', NULL, NULL, NULL),
(550, '2', '2', '2', '2015-09-29', NULL, NULL, NULL),
(551, '3', '3', '3', '2015-09-29', NULL, NULL, NULL),
(552, '4', '4', '4', '2015-09-29', NULL, NULL, NULL),
(553, '1', '1', '1', '2015-09-29', NULL, NULL, NULL),
(554, '2', '2', '2', '2015-09-29', NULL, NULL, NULL),
(555, '3', '3', '3', '2015-09-29', NULL, NULL, NULL),
(556, '4', '4', '4', '2015-09-29', NULL, NULL, NULL),
(557, '1', '1', '1', '2015-09-29', NULL, NULL, NULL),
(558, '2', '2', '2', '2015-09-29', NULL, NULL, NULL),
(559, '3', '3', '3', '2015-09-29', NULL, NULL, NULL),
(560, '4', '4', '4', '2015-09-29', NULL, NULL, NULL),
(561, '1', '1', '1', '2015-09-29', NULL, NULL, NULL),
(562, '2', '2', '2', '2015-09-29', NULL, NULL, NULL),
(563, '3', '3', '3', '2015-09-29', NULL, NULL, NULL),
(564, '4', '4', '4', '2015-09-29', NULL, NULL, NULL),
(565, '1', '1', '1', '2015-09-29', NULL, NULL, NULL),
(566, '2', '2', '2', '2015-09-29', NULL, NULL, NULL),
(567, '3', '3', '3', '2015-09-29', NULL, NULL, NULL),
(568, '4', '4', '4', '2015-09-29', NULL, NULL, NULL),
(569, '1', '1', '1', '2015-09-29', NULL, NULL, NULL),
(570, '2', '2', '2', '2015-09-29', NULL, NULL, NULL),
(571, '3', '3', '3', '2015-09-29', NULL, NULL, NULL),
(572, '4', '4', '4', '2015-09-29', NULL, NULL, NULL),
(573, '1', '1', '1', '2015-09-29', NULL, NULL, NULL),
(574, '2', '2', '2', '2015-09-29', NULL, NULL, NULL),
(575, '3', '3', '3', '2015-09-29', NULL, NULL, NULL),
(576, '4', '4', '4', '2015-09-29', NULL, NULL, NULL),
(577, '1', '1', '1', '2015-09-29', NULL, NULL, NULL),
(578, '2', '2', '2', '2015-09-29', NULL, NULL, NULL),
(579, '3', '3', '3', '2015-09-29', NULL, NULL, NULL),
(580, '4', '4', '4', '2015-09-29', NULL, NULL, NULL),
(581, '1', '1', '1', '2015-09-29', NULL, NULL, NULL),
(582, '2', '2', '2', '2015-09-29', NULL, NULL, NULL),
(583, '3', '3', '3', '2015-09-29', NULL, NULL, NULL),
(584, '4', '4', '4', '2015-09-29', NULL, NULL, NULL),
(585, '1', '1', '1', '2015-09-29', NULL, NULL, NULL),
(586, '2', '2', '2', '2015-09-29', NULL, NULL, NULL),
(587, '3', '3', '3', '2015-09-29', NULL, NULL, NULL),
(588, '4', '4', '4', '2015-09-29', NULL, NULL, NULL),
(589, '1', '1', '1', '2015-09-29', NULL, NULL, NULL),
(590, '2', '2', '2', '2015-09-29', NULL, NULL, NULL),
(591, '3', '3', '3', '2015-09-29', NULL, NULL, NULL),
(592, '4', '4', '4', '2015-09-29', NULL, NULL, NULL),
(593, '1', '1', '1', '2015-09-29', NULL, NULL, NULL),
(594, '2', '2', '2', '2015-09-29', NULL, NULL, NULL),
(595, '3', '3', '3', '2015-09-29', NULL, NULL, NULL),
(596, '4', '4', '4', '2015-09-29', NULL, NULL, NULL),
(597, '1', '1', '1', '2015-09-29', NULL, NULL, NULL),
(598, '2', '2', '2', '2015-09-29', NULL, NULL, NULL),
(599, '3', '3', '3', '2015-09-29', NULL, NULL, NULL),
(600, '4', '4', '4', '2015-09-29', NULL, NULL, NULL),
(601, '1', '1', '1', '2015-09-29', NULL, NULL, NULL),
(602, '2', '2', '2', '2015-09-29', NULL, NULL, NULL),
(603, '3', '3', '3', '2015-09-29', NULL, NULL, NULL),
(604, '4', '4', '4', '2015-09-29', NULL, NULL, NULL),
(605, '1', '1', '1', '2015-09-29', NULL, NULL, NULL),
(606, '2', '2', '2', '2015-09-29', NULL, NULL, NULL),
(607, '3', '3', '3', '2015-09-29', NULL, NULL, NULL),
(608, '4', '4', '4', '2015-09-29', NULL, NULL, NULL),
(609, '1', '1', '1', '2015-09-29', NULL, NULL, NULL),
(610, '2', '2', '2', '2015-09-29', NULL, NULL, NULL),
(611, '3', '3', '3', '2015-09-29', NULL, NULL, NULL),
(612, '4', '4', '4', '2015-09-29', NULL, NULL, NULL),
(613, '1', '1', '1', '2015-09-29', NULL, NULL, NULL),
(614, '2', '2', '2', '2015-09-29', NULL, NULL, NULL),
(615, '3', '3', '3', '2015-09-29', NULL, NULL, NULL),
(616, '4', '4', '4', '2015-09-29', NULL, NULL, NULL),
(617, '1', '1', '1', '2015-09-29', NULL, NULL, NULL),
(618, '2', '2', '2', '2015-09-29', NULL, NULL, NULL),
(619, '3', '3', '3', '2015-09-29', NULL, NULL, NULL),
(620, '4', '4', '4', '2015-09-29', NULL, NULL, NULL),
(621, '1', '1', '1', '2015-09-29', NULL, NULL, NULL),
(622, '2', '2', '2', '2015-09-29', NULL, NULL, NULL),
(623, '3', '3', '3', '2015-09-29', NULL, NULL, NULL),
(624, '4', '4', '4', '2015-09-29', NULL, NULL, NULL),
(625, '1', '1', '1', '2015-09-29', NULL, NULL, NULL),
(626, '2', '2', '2', '2015-09-29', NULL, NULL, NULL),
(627, '3', '3', '3', '2015-09-29', NULL, NULL, NULL),
(628, '4', '4', '4', '2015-09-29', NULL, NULL, NULL),
(629, '1', '1', '1', '2015-09-29', NULL, NULL, NULL),
(630, '2', '2', '2', '2015-09-29', NULL, NULL, NULL),
(631, '3', '3', '3', '2015-09-29', NULL, NULL, NULL),
(632, '4', '4', '4', '2015-09-29', NULL, NULL, NULL),
(633, '1', '1', '1', '2015-09-29', NULL, NULL, NULL),
(634, '2', '2', '2', '2015-09-29', NULL, NULL, NULL),
(635, '3', '3', '3', '2015-09-29', NULL, NULL, NULL),
(636, '4', '4', '4', '2015-09-29', NULL, NULL, NULL),
(637, '1', '1', '1', '2015-09-29', NULL, NULL, NULL),
(638, '2', '2', '2', '2015-09-29', NULL, NULL, NULL),
(639, '3', '3', '3', '2015-09-29', NULL, NULL, NULL),
(640, '4', '4', '4', '2015-09-29', NULL, NULL, NULL),
(641, '1', '1', '1', '2015-09-29', NULL, NULL, NULL),
(642, '2', '2', '2', '2015-09-29', NULL, NULL, NULL),
(643, '3', '3', '3', '2015-09-29', NULL, NULL, NULL),
(644, '4', '4', '4', '2015-09-29', NULL, NULL, NULL),
(645, '1', '1', '1', '2015-09-29', NULL, NULL, NULL),
(646, '2', '2', '2', '2015-09-29', NULL, NULL, NULL),
(647, '3', '3', '3', '2015-09-29', NULL, NULL, NULL),
(648, '4', '4', '4', '2015-09-29', NULL, NULL, NULL),
(649, '1', '1', '1', '2015-09-29', NULL, NULL, NULL),
(650, '2', '2', '2', '2015-09-29', NULL, NULL, NULL),
(651, '3', '3', '3', '2015-09-29', NULL, NULL, NULL),
(652, '4', '4', '4', '2015-09-29', NULL, NULL, NULL),
(653, '1', '1', '1', '2015-09-29', NULL, NULL, NULL),
(654, '2', '2', '2', '2015-09-29', NULL, NULL, NULL),
(655, '3', '3', '3', '2015-09-29', NULL, NULL, NULL),
(656, '4', '4', '4', '2015-09-29', NULL, NULL, NULL),
(657, '1', '1', '1', '2015-09-29', NULL, NULL, NULL),
(658, '2', '2', '2', '2015-09-29', NULL, NULL, NULL),
(659, '3', '3', '3', '2015-09-29', NULL, NULL, NULL),
(660, '4', '4', '4', '2015-09-29', NULL, NULL, NULL),
(661, '1', '1', '1', '2015-09-29', NULL, NULL, NULL),
(662, '2', '2', '2', '2015-09-29', NULL, NULL, NULL),
(663, '3', '3', '3', '2015-09-29', NULL, NULL, NULL),
(664, '4', '4', '4', '2015-09-29', NULL, NULL, NULL),
(665, '1', '1', '1', '2015-09-29', NULL, NULL, NULL),
(666, '2', '2', '2', '2015-09-29', NULL, NULL, NULL),
(667, '3', '3', '3', '2015-09-29', NULL, NULL, NULL),
(668, '4', '4', '4', '2015-09-29', NULL, NULL, NULL),
(669, '1', '1', '1', '2015-09-29', NULL, NULL, NULL),
(670, '2', '2', '2', '2015-09-29', NULL, NULL, NULL),
(671, '3', '3', '3', '2015-09-29', NULL, NULL, NULL),
(672, '4', '4', '4', '2015-09-29', NULL, NULL, NULL),
(673, '1', '1', '1', '2015-09-29', NULL, NULL, NULL),
(674, '2', '2', '2', '2015-09-29', NULL, NULL, NULL),
(675, '3', '3', '3', '2015-09-29', NULL, NULL, NULL),
(676, '4', '4', '4', '2015-09-29', NULL, NULL, NULL),
(677, '1', '1', '1', '2015-09-29', NULL, NULL, NULL),
(678, '2', '2', '2', '2015-09-29', NULL, NULL, NULL),
(679, '3', '3', '3', '2015-09-29', NULL, NULL, NULL),
(680, '4', '4', '4', '2015-09-29', NULL, NULL, NULL),
(681, '1', '1', '1', '2015-09-29', NULL, NULL, NULL),
(682, '2', '2', '2', '2015-09-29', NULL, NULL, NULL),
(683, '3', '3', '3', '2015-09-29', NULL, NULL, NULL),
(684, '4', '4', '4', '2015-09-29', NULL, NULL, NULL),
(685, '1', '1', '1', '2015-09-29', NULL, NULL, NULL),
(686, '2', '2', '2', '2015-09-29', NULL, NULL, NULL),
(687, '3', '3', '3', '2015-09-29', NULL, NULL, NULL),
(688, '4', '4', '4', '2015-09-29', NULL, NULL, NULL),
(689, '1', '1', '1', '2015-09-29', NULL, NULL, NULL),
(690, '2', '2', '2', '2015-09-29', NULL, NULL, NULL),
(691, '3', '3', '3', '2015-09-29', NULL, NULL, NULL),
(692, '4', '4', '4', '2015-09-29', NULL, NULL, NULL),
(693, '1', '1', '1', '2015-09-29', NULL, NULL, NULL),
(694, '2', '2', '2', '2015-09-29', NULL, NULL, NULL),
(695, '3', '3', '3', '2015-09-29', NULL, NULL, NULL),
(696, '4', '4', '4', '2015-09-29', NULL, NULL, NULL),
(697, '1', '1', '1', '2015-09-29', NULL, NULL, NULL),
(698, '2', '2', '2', '2015-09-29', NULL, NULL, NULL),
(699, '3', '3', '3', '2015-09-29', NULL, NULL, NULL),
(700, '4', '4', '4', '2015-09-29', NULL, NULL, NULL),
(701, '1', '1', '1', '2015-09-29', NULL, NULL, NULL),
(702, '2', '2', '2', '2015-09-29', NULL, NULL, NULL),
(703, '3', '3', '3', '2015-09-29', NULL, NULL, NULL),
(704, '4', '4', '4', '2015-09-29', NULL, NULL, NULL),
(705, '1', '1', '1', '2015-09-29', NULL, NULL, NULL),
(706, '2', '2', '2', '2015-09-29', NULL, NULL, NULL),
(707, '3', '3', '3', '2015-09-29', NULL, NULL, NULL),
(708, '4', '4', '4', '2015-09-29', NULL, NULL, NULL),
(709, '1', '1', '1', '2015-09-29', NULL, NULL, NULL),
(710, '2', '2', '2', '2015-09-29', NULL, NULL, NULL),
(711, '3', '3', '3', '2015-09-29', NULL, NULL, NULL),
(712, '4', '4', '4', '2015-09-29', NULL, NULL, NULL),
(713, '1', '1', '1', '2015-09-29', NULL, NULL, NULL),
(714, '2', '2', '2', '2015-09-29', NULL, NULL, NULL),
(715, '3', '3', '3', '2015-09-29', NULL, NULL, NULL),
(716, '4', '4', '4', '2015-09-29', NULL, NULL, NULL),
(717, '1', '1', '1', '2015-09-29', NULL, NULL, NULL),
(718, '2', '2', '2', '2015-09-29', NULL, NULL, NULL),
(719, '3', '3', '3', '2015-09-29', NULL, NULL, NULL),
(720, '4', '4', '4', '2015-09-29', NULL, NULL, NULL),
(721, '1', '1', '1', '2015-09-29', NULL, NULL, NULL),
(722, '2', '2', '2', '2015-09-29', NULL, NULL, NULL),
(723, '3', '3', '3', '2015-09-29', NULL, NULL, NULL),
(724, '4', '4', '4', '2015-09-29', NULL, NULL, NULL),
(725, '1', '1', '1', '2015-09-29', NULL, NULL, NULL),
(726, '2', '2', '2', '2015-09-29', NULL, NULL, NULL),
(727, '3', '3', '3', '2015-09-29', NULL, NULL, NULL),
(728, '4', '4', '4', '2015-09-29', NULL, NULL, NULL),
(729, '1', '1', '1', '2015-09-29', NULL, NULL, NULL),
(730, '2', '2', '2', '2015-09-29', NULL, NULL, NULL),
(731, '3', '3', '3', '2015-09-29', NULL, NULL, NULL),
(732, '4', '4', '4', '2015-09-29', NULL, NULL, NULL),
(733, '1', '1', '1', '2015-09-29', NULL, NULL, NULL),
(734, '2', '2', '2', '2015-09-29', NULL, NULL, NULL),
(735, '3', '3', '3', '2015-09-29', NULL, NULL, NULL),
(736, '4', '4', '4', '2015-09-29', NULL, NULL, NULL),
(737, '1', '1', '1', '2015-09-29', NULL, NULL, NULL),
(738, '2', '2', '2', '2015-09-29', NULL, NULL, NULL),
(739, '3', '3', '3', '2015-09-29', NULL, NULL, NULL),
(740, '4', '4', '4', '2015-09-29', NULL, NULL, NULL),
(741, '1', '1', '1', '2015-09-29', NULL, NULL, NULL),
(742, '2', '2', '2', '2015-09-29', NULL, NULL, NULL),
(743, '3', '3', '3', '2015-09-29', NULL, NULL, NULL),
(744, '4', '4', '4', '2015-09-29', NULL, NULL, NULL),
(745, '1', '1', '1', '2015-09-29', NULL, NULL, NULL),
(746, '2', '2', '2', '2015-09-29', NULL, NULL, NULL),
(747, '3', '3', '3', '2015-09-29', NULL, NULL, NULL),
(748, '4', '4', '4', '2015-09-29', NULL, NULL, NULL),
(749, '1', '1', '1', '2015-09-29', NULL, NULL, NULL),
(750, '2', '2', '2', '2015-09-29', NULL, NULL, NULL),
(751, '3', '3', '3', '2015-09-29', NULL, NULL, NULL),
(752, '4', '4', '4', '2015-09-29', NULL, NULL, NULL),
(753, '1', '1', '1', '2015-09-29', NULL, NULL, NULL),
(754, '2', '2', '2', '2015-09-29', NULL, NULL, NULL),
(755, '3', '3', '3', '2015-09-29', NULL, NULL, NULL),
(756, '4', '4', '4', '2015-09-29', NULL, NULL, NULL),
(757, '1', '1', '1', '2015-09-29', NULL, NULL, NULL),
(758, '2', '2', '2', '2015-09-29', NULL, NULL, NULL),
(759, '3', '3', '3', '2015-09-29', NULL, NULL, NULL),
(760, '4', '4', '4', '2015-09-29', NULL, NULL, NULL),
(761, '1', '1', '1', '2015-09-29', NULL, NULL, NULL),
(762, '2', '2', '2', '2015-09-29', NULL, NULL, NULL),
(763, '3', '3', '3', '2015-09-29', NULL, NULL, NULL),
(764, '4', '4', '4', '2015-09-29', NULL, NULL, NULL),
(765, '1', '1', '1', '2015-09-29', NULL, NULL, NULL),
(766, '2', '2', '2', '2015-09-29', NULL, NULL, NULL),
(767, '3', '3', '3', '2015-09-29', NULL, NULL, NULL),
(768, '4', '4', '4', '2015-09-29', NULL, NULL, NULL),
(769, '1', '1', '1', '2015-09-29', NULL, NULL, NULL),
(770, '2', '2', '2', '2015-09-29', NULL, NULL, NULL),
(771, '3', '3', '3', '2015-09-29', NULL, NULL, NULL),
(772, '4', '4', '4', '2015-09-29', NULL, NULL, NULL),
(773, '1', '1', '1', '2015-09-29', NULL, NULL, NULL),
(774, '2', '2', '2', '2015-09-29', NULL, NULL, NULL),
(775, '3', '3', '3', '2015-09-29', NULL, NULL, NULL),
(776, '4', '4', '4', '2015-09-29', NULL, NULL, NULL),
(777, '1', '1', '1', '2015-09-29', NULL, NULL, NULL),
(778, '2', '2', '2', '2015-09-29', NULL, NULL, NULL),
(779, '3', '3', '3', '2015-09-29', NULL, NULL, NULL),
(780, '4', '4', '4', '2015-09-29', NULL, NULL, NULL),
(781, '1', '1', '1', '2015-09-29', NULL, NULL, NULL),
(782, '2', '2', '2', '2015-09-29', NULL, NULL, NULL),
(783, '3', '3', '3', '2015-09-29', NULL, NULL, NULL),
(784, '4', '4', '4', '2015-09-29', NULL, NULL, NULL),
(785, '1', '1', '1', '2015-09-29', NULL, NULL, NULL),
(786, '2', '2', '2', '2015-09-29', NULL, NULL, NULL),
(787, '3', '3', '3', '2015-09-29', NULL, NULL, NULL),
(788, '4', '4', '4', '2015-09-29', NULL, NULL, NULL),
(789, '1', '1', '1', '2015-09-29', NULL, NULL, NULL),
(790, '2', '2', '2', '2015-09-29', NULL, NULL, NULL),
(791, '3', '3', '3', '2015-09-29', NULL, NULL, NULL);

-- --------------------------------------------------------

--
-- Table structure for table `absenmsk`
--

CREATE TABLE IF NOT EXISTS `absenmsk` (
  `index` int(11) NOT NULL,
  `NIP` varchar(20) NOT NULL,
  `kdjabatan` varchar(10) NOT NULL,
  `kdkantor` varchar(10) NOT NULL,
  `tglmsk` date DEFAULT NULL,
  `jammsk` time DEFAULT NULL,
  `statusmsk` enum('ONTIME','LATE','EARLY','OTHER') DEFAULT NULL,
  `ket` text
) ENGINE=InnoDB AUTO_INCREMENT=9 DEFAULT CHARSET=latin1;

--
-- Dumping data for table `absenmsk`
--

INSERT INTO `absenmsk` (`index`, `NIP`, `kdjabatan`, `kdkantor`, `tglmsk`, `jammsk`, `statusmsk`, `ket`) VALUES
(1, '1', '1', '1', '2015-09-17', '18:06:38', 'ONTIME', NULL),
(2, '2', '2', '2', '2015-09-17', '18:06:41', 'ONTIME', NULL),
(3, '3', '3', '3', '2015-09-17', '18:06:44', 'EARLY', NULL),
(4, '4', '4', '4', '2015-09-17', '18:06:45', 'EARLY', NULL),
(5, '1', '1', '1', '2015-09-21', NULL, 'LATE', NULL),
(6, '2', '2', '2', '2015-09-21', NULL, 'LATE', NULL),
(7, '3', '3', '3', '2015-09-21', NULL, 'LATE', NULL),
(8, '4', '4', '4', '2015-09-21', NULL, 'LATE', NULL);

-- --------------------------------------------------------

--
-- Table structure for table `jabatan`
--

CREATE TABLE IF NOT EXISTS `jabatan` (
  `kdjabatan` varchar(10) NOT NULL DEFAULT '0',
  `jabatan` char(50) DEFAULT NULL
) ENGINE=InnoDB DEFAULT CHARSET=latin1;

--
-- Dumping data for table `jabatan`
--

INSERT INTO `jabatan` (`kdjabatan`, `jabatan`) VALUES
('1', 'Jab1'),
('2', 'Jab2'),
('3', 'Jab3'),
('4', 'Jab4'),
('5', 'Jab5');

-- --------------------------------------------------------

--
-- Table structure for table `kantor`
--

CREATE TABLE IF NOT EXISTS `kantor` (
  `kdkantor` varchar(10) NOT NULL DEFAULT '0',
  `namakantor` text,
  `alamatkantor` varchar(99) NOT NULL,
  `tlpkantor` varchar(15) NOT NULL,
  `parent` text
) ENGINE=InnoDB DEFAULT CHARSET=latin1;

--
-- Dumping data for table `kantor`
--

INSERT INTO `kantor` (`kdkantor`, `namakantor`, `alamatkantor`, `tlpkantor`, `parent`) VALUES
('1', 'Kan1', 'AlmKan1', 'TlpKan1', NULL),
('2', 'Kan2', 'AlmKan2', 'TlpKan2', NULL),
('3', 'Kan3', 'AlmKan3', 'TlpKan3', NULL),
('4', 'Kan4', 'AlmKan4', 'TlpKan4', NULL),
('6', 'sub. bag. hublang', 'dasdadasdasd', '8769678678678', 'Kan1'),
('7', 'sub. bag keuangan', 'adsdadsdasdsd', '87679689678', 'Kan1'),
('8', 'sub. bag. umum', 'dasdasd', '546754534', 'Kan1'),
('9', 'sub. bag. gudang', 'asdasdasd', '654654756745646', 'Kan1');

-- --------------------------------------------------------

--
-- Table structure for table `pegawai`
--

CREATE TABLE IF NOT EXISTS `pegawai` (
  `NIP` varchar(20) NOT NULL DEFAULT '0',
  `namapegawai` text,
  `jeniskelamin` tinyint(4) NOT NULL,
  `alamat` varchar(99) NOT NULL,
  `nohp` varchar(20) DEFAULT NULL,
  `kdjabatan` varchar(10) DEFAULT NULL,
  `kdkantor` varchar(10) DEFAULT NULL
) ENGINE=InnoDB DEFAULT CHARSET=latin1;

--
-- Dumping data for table `pegawai`
--

INSERT INTO `pegawai` (`NIP`, `namapegawai`, `jeniskelamin`, `alamat`, `nohp`, `kdjabatan`, `kdkantor`) VALUES
('1', 'Emul', 1, 'asdasda', '097665', '1', '1'),
('2', 'Euis', 0, 'Sadahurip', '08815752875', '2', '2'),
('3', 'Jajang', 1, 'Sanding', '012314123', '3', '3'),
('4', 'Ai', 0, 'Munjul', '01231412', '4', '4');

--
-- Indexes for dumped tables
--

--
-- Indexes for table `absenklr`
--
ALTER TABLE `absenklr`
  ADD PRIMARY KEY (`index`),
  ADD KEY `fk_absmskkan` (`kdkantor`),
  ADD KEY `fk_absklrjab` (`kdjabatan`),
  ADD KEY `fk_absklrnip` (`NIP`);

--
-- Indexes for table `absenmsk`
--
ALTER TABLE `absenmsk`
  ADD PRIMARY KEY (`index`),
  ADD KEY `fk_absmsknip` (`NIP`),
  ADD KEY `fk_absmskjab` (`kdjabatan`),
  ADD KEY `fk_absmskb` (`kdkantor`);

--
-- Indexes for table `jabatan`
--
ALTER TABLE `jabatan`
  ADD PRIMARY KEY (`kdjabatan`);

--
-- Indexes for table `kantor`
--
ALTER TABLE `kantor`
  ADD PRIMARY KEY (`kdkantor`);

--
-- Indexes for table `pegawai`
--
ALTER TABLE `pegawai`
  ADD PRIMARY KEY (`NIP`),
  ADD KEY `FK_pegjab` (`kdjabatan`),
  ADD KEY `FK_pegkan` (`kdkantor`);

--
-- AUTO_INCREMENT for dumped tables
--

--
-- AUTO_INCREMENT for table `absenklr`
--
ALTER TABLE `absenklr`
  MODIFY `index` int(11) NOT NULL AUTO_INCREMENT,AUTO_INCREMENT=792;
--
-- AUTO_INCREMENT for table `absenmsk`
--
ALTER TABLE `absenmsk`
  MODIFY `index` int(11) NOT NULL AUTO_INCREMENT,AUTO_INCREMENT=9;
--
-- Constraints for dumped tables
--

--
-- Constraints for table `absenklr`
--
ALTER TABLE `absenklr`
  ADD CONSTRAINT `fk_absklrjab` FOREIGN KEY (`kdjabatan`) REFERENCES `jabatan` (`kdjabatan`) ON DELETE NO ACTION ON UPDATE CASCADE,
  ADD CONSTRAINT `fk_absklrnip` FOREIGN KEY (`NIP`) REFERENCES `pegawai` (`NIP`) ON DELETE NO ACTION ON UPDATE CASCADE,
  ADD CONSTRAINT `fk_absmskkan` FOREIGN KEY (`kdkantor`) REFERENCES `kantor` (`kdkantor`) ON DELETE NO ACTION ON UPDATE CASCADE;

--
-- Constraints for table `absenmsk`
--
ALTER TABLE `absenmsk`
  ADD CONSTRAINT `fk_absmskb` FOREIGN KEY (`kdkantor`) REFERENCES `kantor` (`kdkantor`) ON DELETE NO ACTION ON UPDATE CASCADE,
  ADD CONSTRAINT `fk_absmskjab` FOREIGN KEY (`kdjabatan`) REFERENCES `jabatan` (`kdjabatan`) ON DELETE NO ACTION ON UPDATE CASCADE,
  ADD CONSTRAINT `fk_absmsknip` FOREIGN KEY (`NIP`) REFERENCES `pegawai` (`NIP`) ON DELETE NO ACTION ON UPDATE CASCADE;

--
-- Constraints for table `pegawai`
--
ALTER TABLE `pegawai`
  ADD CONSTRAINT `fk_kanjab` FOREIGN KEY (`kdkantor`) REFERENCES `kantor` (`kdkantor`) ON DELETE NO ACTION ON UPDATE CASCADE,
  ADD CONSTRAINT `fk_pegjab` FOREIGN KEY (`kdjabatan`) REFERENCES `jabatan` (`kdjabatan`) ON DELETE NO ACTION ON UPDATE CASCADE;

/*!40101 SET CHARACTER_SET_CLIENT=@OLD_CHARACTER_SET_CLIENT */;
/*!40101 SET CHARACTER_SET_RESULTS=@OLD_CHARACTER_SET_RESULTS */;
/*!40101 SET COLLATION_CONNECTION=@OLD_COLLATION_CONNECTION */;
